time_years,A_frontier_ai,L_frontier_longevity,delta_biological_years,G_grievance_stock,L_pol_legitimacy,W_welfare_solvency,E_enhanced_elite,I_dam_integrity,eta_marie_antoinette,C_love_commodification,S_FM2_saturation,p5_capture_probability,fracture_index
0.0,1.0,1.0,7.3,10000000.0,0.85,0.85,10000.0,0.95,0.1,250.0,0.45,0.72,0.05
0.1,1.04,1.018,7.359999999999999,10036814.474117562,0.848045425,0.845,10020.0,0.948575,0.365,250.0,0.6695902596187708,0.7200033667064837,0.06175
0.2,1.0816000000000001,1.0364461600000001,7.419999999999999,10073813.020605713,0.8460535074213267,0.839998,10040.04,0.947149291775,0.3716188886687999,250.5,0.6741980848893875,0.7200067401125156,0.07344125
0.30000000000000004,1.124864,1.055355912899968,7.479999999999999,10110995.639464451,0.844023612175185,0.834993996,10060.12008,0.945722879258691,0.37836552879307817,251.0,0.6789351757387686,0.7200101202313458,0.08507404375
0.4,1.16985856,1.0747476472142925,7.539999999999998,10148362.330693778,0.8419550972335964,0.829987983992,10080.240320160001,0.9442957663995292,0.3852429185946784,251.5,0.6838024975286368,0.7200135070762506,0.09664867353124999
0.5,1.2166529024,1.0946407701273073,7.599999999999998,10185913.094293691,0.839847313854495,0.8249799599599841,10100.40080080032,0.9428679571607367,0.39225411869827226,252.0,0.6888007596805099,0.7200169006605319,0.10816543016359374
0.6000000000000001,1.265319018496,1.1150557752893993,7.6599999999999975,10223647.930264194,0.837699606828365,0.8199699198799041,10120.60160240192,0.9414394555203034,0.3994022527201107,252.5,0.6939303890854507,0.7200203009975179,0.11962460301277578
0.7000000000000001,1.3159317792358398,1.1360143157562126,7.719999999999997,10261566.838605283,0.8355113147474345,0.814957859719664,10140.842805606724,0.9400102654709879,0.4066905078107445,253.0,0.6991915022342621,0.7200237081005625,0.1310264799977119
0.8,1.3685690504052734,1.157539282511867,7.779999999999997,10299669.81931696,0.8332817702984563,0.8099437754391032,10161.124491217937,0.9385803910203182,0.4141221351476135,253.5,0.7045838761433437,0.720027121983046,0.14237134759772332
0.9,1.4233118124214843,1.1796548890595673,7.839999999999996,10337956.872399226,0.8310103005801327,0.8049276629899814,10181.446740200374,0.9371498361905922,0.4217004503732149,254.0,0.7101069181793686,0.7200305426583746,0.1536594908597347
1.0,1.4802442849183437,1.2023867626099984,7.899999999999996,10376427.99785208,0.8286962274462556,0.7999095183159614,10201.809633680774,0.9357186050188779,0.42942883397436277,254.5,0.7157596349176035,0.7200339701399808,0.16489119340543604
1.1,1.5394540563150774,1.225762042449993,7.9599999999999955,10415083.19567552,0.8263388678756549,0.7948893373525933,10222.213252948135,0.9342867015570135,0.4373107315978506,255.0,0.7215406002043016,0.7200374044413232,0.17606673743840887
1.2000000000000002,1.6010322185676804,1.249809486131723,8.019999999999996,10453922.465869548,0.8239375343700592,0.7898671160272984,10242.65767945403,0.9328541298716071,0.44534965429762846,255.5,0.7274479226331771,0.7200408455758869,0.1871864037512168
1.3,1.6650735073103877,1.274559584186804,8.079999999999997,10492945.808434164,0.8214915353809886,0.784842850259353,10263.142994812939,0.9314208940440362,0.45354917870840145,256.0,0.7334792126895968,0.720044293557183,0.19825047173246074
1.4000000000000001,1.7316764476028033,1.30004468414096,8.139999999999997,10532153.223369367,0.8190001757668076,0.7798165359598717,10283.669280802565,0.9299869981704466,0.46191294714035513,256.5,0.7396315498636432,0.7200477483987493,0.20925921937379843
1.5,1.8009435055069154,1.326299124684149,8.199999999999998,10571544.71067516,0.8164627572810733,0.7747881690317914,10304.23661936417,0.9285524463617519,0.47044466758950576,257.0,0.7459014500844277,0.72005121011415,0.22021292327692943
1.6,1.872981245727192,1.3533593809392894,8.259999999999998,10611120.270351538,0.8138785790933188,0.769757745369855,10324.845092602898,0.9271172427436318,0.4791481136579772,257.5,0.7522848338825308,0.7200546787169753,0.2311118586605448
1.7000000000000002,1.9479004955562795,1.3812642218710636,8.319999999999999,10650879.902398506,0.8112469383434107,0.7647252608605947,10345.494782788104,0.9256813914565305,0.48802712437829826,258.0,0.758776995744646,0.7200581542208425,0.24195629936724206
1.8,2.025816515378531,1.4100548809859599,8.379999999999999,10690823.60681606,0.8085671307306146,0.7596907113823158,10366.18577235368,0.9242448966556549,0.49708560393562073,258.5,0.7653725751835799,0.7200616366393953,0.25274651787040586
1.9000000000000001,2.106849175993672,1.4397752415972236,8.44,10730951.383604204,0.8058384511384982,0.7546540928050804,10386.918143898387,0.9228077625109725,0.5063275212815674,259.0,0.7720655301066341,0.7200651259863039,0.26348278528105384
2.0,2.191123143033419,1.4704720380653076,8.5,10771263.232762935,0.8030601942967812,0.7496154009906906,10407.691980186184,0.9213699932072092,0.5157569096332253,259.5,0.7788491131246994,0.7200686222752654,0.2741653713546486
2.1,2.278768068754756,1.5021950745776524,8.56,10811759.154292254,0.8002316554812312,0.7445746317926719,10428.507364146557,0.9199315929438462,0.5253778658506237,260.0,0.7857158515014604,0.7200721255200033,0.28479454449787533
2.2,2.369918791504946,1.534997463203282,8.620000000000001,10852439.14819216,0.7973521312526732,0.7395317810562573,10449.36437887485,0.9184925659351173,0.5351945496858629,260.5,0.792657531494906,0.7200756357342682,0.29537057177538595
2.3000000000000003,2.464715543165144,1.5689358831502047,8.680000000000001,10893303.214462655,0.7944209202361552,0.7344868446183698,10470.2631076326,0.9170529164100057,0.545211182896894,261.0,0.7996651878895582,0.7200791529318376,0.305893718916509
2.4000000000000004,2.5633041648917496,1.6040708633697474,8.740000000000002,10934351.353103736,0.7914373239412728,0.7294398183076065,10491.203633847865,0.9156126486122406,0.5554320482188062,261.5,0.8067290995547345,0.7200826771265153,0.3163642503219265
2.5,2.6658363314874194,1.640467090894865,8.800000000000002,10975583.564115407,0.788400647624614,0.7243906979442217,10512.186041115561,0.9141717668002929,0.5658614881853323,262.0,0.81383879188881,0.7200862083321327,0.32678242907031685
2.6,2.772469784746916,1.678193747572839,8.860000000000003,11016999.847497664,0.7853102011952333,0.7193394793401102,10533.210413197792,0.9127302752473719,0.576503903793168,262.5,0.8209830470185288,0.7200897465625478,0.3371485169249653
2.7,2.8833685761367924,1.7173248781607222,8.920000000000003,11058600.20325051,0.7821653001640035,0.7142861582987905,10554.276834024187,0.9112881782414205,0.5873637530015948,263.0,0.8281499226125231,0.7200932918316457,0.34746277434034045
2.8000000000000003,2.998703319182264,1.7579397930992529,8.980000000000004,11100384.631373944,0.7789652666376308,0.7092307306153881,10575.385387692235,0.9098454800851105,0.5984455490598112,263.5,0.835326780135753,0.7200968441533387,0.35772546046863873
2.9000000000000004,3.1186514519495545,1.8001235096732096,9.040000000000004,11142353.131867966,0.7757094303580367,0.7041731920766189,10596.53615846762,0.9084021850958379,0.6097538586543164,264.0,0.8425003233130774,0.7201004035415662,0.36793683316629555
3.0,3.2433975100275365,1.8439672357097003,9.100000000000005,11184505.704732575,0.7723971297877293,0.6991135384607721,10617.729230784555,0.9069582976057181,0.6212932998686518,264.5,0.8496566474823014,0.7201039700102948,0.3780971490004641
3.1,3.373133410428638,1.8895689004679654,9.160000000000005,11226842.349967772,0.7680168882778741,0.6940517655376937,10638.964689246124,0.9055138219615795,0.6330685399477979,265.0,0.8567813003969124,0.7201075435735181,0.38820666325546177
3.2,3.5080587468457836,1.937033737943411,9.220000000000006,11269363.067573557,0.7635479467010848,0.6889878690687691,10660.242618624616,0.9040687625249585,0.6470544496765159,265.5,0.8638593548840302,0.7201111242452573,0.39826562993918446
3.3000000000000003,3.648381096719615,1.9864749284545455,9.280000000000006,11312067.85754993,0.7589892966267937,0.6839218448069067,10681.563103861865,0.9026231236720931,0.6613801994640383,266.0,0.8708754935724861,0.7201147120395608,0.40827430178948854
3.4000000000000004,3.7943163405883995,2.0380143051156066,9.340000000000007,11354956.71989689,0.7543399723072096,0.6788536884965205,10702.926230069588,0.9011769097939168,0.6760530756353507,266.5,0.8778141056791465,0.7201183069705044,0.4182329302805411
3.5,3.9460889942119355,2.0917831326331,9.400000000000007,11398029.65461444,0.7495990546360232,0.6737833958735135,10724.332082529727,0.8997301252960519,0.6910803815584972,267.0,0.8846593955798095,0.7201219090521915,0.4281417656291384
3.6,4.103932553980413,2.1479229668164814,9.460000000000008,11441286.661702575,0.7447656752422823,0.6687109626652605,10745.780746694787,0.8982827745988022,0.7064694268217414,267.5,0.8913955025970404,0.7201255182987527,0.4380010568009927
3.7,4.268089856139629,2.2065866042796096,9.520000000000008,11484727.7411613,0.7398390207144977,0.663636384590591,10767.272308188176,0.8968348621371466,0.7222275156998185,268.0,0.898006631115915,0.7201291347243465,0.44781105151698775
3.8000000000000003,4.438813450385214,2.267939133051062,9.580000000000009,11528352.892990611,0.7348183369489526,0.6585596573597722,10788.806852804551,0.8953863923607305,0.7383619348981385,268.5,0.9044771897965281,0.7201327583431587,0.4575719962594028
3.9000000000000004,4.616365988400623,2.332159096232154,9.64000000000001,11572162.11719051,0.729702933615036,0.6534807766744917,10810.38446651016,0.8939373697338591,0.7548799405664542,269.0,0.9107919382981183,0.7201363891694029,0.4672841362781058
4.0,4.801020627936648,2.399439782469792,9.70000000000001,11616155.413760997,0.7244921887292021,0.6483997382278407,10832.005235443181,0.8924877987354884,0.7717887445764754,269.5,0.9169361395746423,0.7201400272173205,0.4769477155967152
4.1000000000000005,4.993061453054114,2.469990658880227,9.76000000000001,11660332.782702072,0.7191855533278745,0.6433165377042964,10853.669245914067,0.8910376838592177,0.7890955000612088,270.0,0.9228957154582662,0.7201436725011804,0.48656297701873163
4.2,5.192783911176279,2.544038964208206,9.820000000000011,11704694.224013735,0.7137825562282764,0.638231170779705,10875.376584405894,0.8895870296132796,0.8068072862174309,270.5,0.9286574029298179,0.7201473250352797,0.496130162133638
4.3,5.40049526762333,2.621831482479567,9.880000000000011,11749239.737695985,0.7082828088647716,0.6331436331212644,10897.127337574706,0.8881358405205325,0.8249310923766787,271.0,0.9342089081989922,0.7201509848339428,0.5056495113229698
4.4,5.616515078328264,2.703636520257671,9.940000000000012,11793969.323748823,0.7026860101868634,0.628053920387507,10918.921592249855,0.8866841211184501,0.8434738013544534,271.5,0.9395390554977506,0.7201546519115226,0.5151212637663549
4.5,5.841175681461394,2.7897461139085746,10.000000000000012,11838882.982172249,0.6969919516035142,0.622962028228282,10940.759435434355,0.8852318759591122,0.862442172091992,272.0,0.9446379273432234,0.7201583262823996,0.5245456574475231
4.6000000000000005,6.074822708719849,2.880478497091246,10.060000000000013,11883980.712966263,0.6912005219569399,0.6178679522847386,10962.640954305223,0.8837791096091951,0.8818428216099684,272.5,0.9494969929656473,0.7201620079609826,0.5339229291602855
4.7,6.317815617068643,2.976180863105942,10.120000000000013,11929262.516130865,0.6853117125074983,0.612771688189308,10984.566236213834,0.882325826649961,0.9016822062988031,273.0,0.9541092216344439,0.7201656969617082,0.5432533145144841
4.800000000000001,6.570528241751388,3.077232461860986,10.180000000000014,11974728.391666055,0.6793256219097502,0.6076732315656866,11006.535368686262,0.8808720316772471,0.9219666025759193,273.5,0.958469177760406,0.7201693932990413,0.5525370479419117
4.9,6.833349371421444,3.184048077180176,10.240000000000014,12020378.339571832,0.6732424611582315,0.602572578028818,11028.548439423634,0.8794177293014558,0.942702086946229,274.0,0.9625730949091608,0.720173096987475,0.5617743627022022
5.0,7.1066833462783014,3.297081937118203,10.300000000000015,12066212.359848198,0.6670625584799545,0.5974697231848757,11050.60553630248,0.8779629241475424,0.9638945155083598,274.5,0.9664189262310554,0.7201768080415305,0.5709654908886912
5.1000000000000005,7.390950680129434,3.4168321180564747,10.360000000000015,12112230.45249515,0.6607863641491694,0.5923646626312454,11072.706747375085,0.8765076208550044,0.9855495029556147,275.0,0.9700063692906662,0.7201805264757574,0.5801106634342478
5.2,7.686588707334611,3.5438455128278346,10.420000000000016,12158432.617512692,0.6544144551984777,0.587257391956508,11094.852160869836,0.8750518240778694,1.0076724011273461,275.5,0.9733368638552276,0.7201842523047336,0.5892101101170766
5.300000000000001,7.994052255627995,3.6787234442185746,10.480000000000016,12204818.85490082,0.6479475399990254,0.5821479067404209,11117.041865191575,0.8735955384846829,1.0302682771732934,276.0,0.9764135618600317,0.7201879855430656,0.5982640595664912
5.4,8.313814345853116,3.8221280182231143,10.540000000000017,12251389.164659537,0.6413864626812172,0.5770362025539018,11139.275948921959,0.872138768758496,1.0533418914004355,276.5,0.9792412694899684,0.720191726205388,0.6072727392686588
5.5,8.64636691968724,3.9747893267452326,10.600000000000017,12298143.546788841,0.634732207366229,0.5719222749590096,11161.554500819802,0.8706815195968529,1.0768976748789651,277.0,0.9818263620753319,0.720195474306364,0.6162363755723155
5.6000000000000005,8.99222159647473,4.137513627488898,10.660000000000018,12345082.001288734,0.6279859021775496,0.5668061195089277,11183.877609821442,0.8692237957117774,1.1009397068910893,277.5,0.9841766732690591,0.7201992298606855,0.6251551936944539
5.7,9.35191046033372,4.311192650091674,10.720000000000018,12392204.528159214,0.6211488230008958,0.5616877317479455,11206.245365041084,0.8677656018297597,1.1254716923133827,278.0,0.9863013607219268,0.7202029928830731,0.6340294177259816
5.800000000000001,9.725986878747069,4.496814202765767,10.780000000000019,12439511.127400283,0.6142223969601325,0.5565671072114414,11228.657855771167,0.8663069426917427,1.1504969390303237,278.5,0.988210751171628,0.7202067633882758,0.6428592706373517
5.9,10.115026353896951,4.695474283604044,10.84000000000002,12487001.799011938,0.6072082055763096,0.5514442414258643,11251.11517148271,0.8648478230531079,1.1760183354833496,279.0,0.9899161684816549,0.7202105413910715,0.6516449742841649
6.0,10.519627408052829,4.908390936226206,10.90000000000002,12534676.542994183,0.6001079875766353,0.5463191299087161,11273.617401825675,0.8633882476836614,1.2020383284661758,279.5,0.9914297486795938,0.7202143269062667,0.6603867494127441
6.1000000000000005,10.940412504374942,5.136920131736089,10.96000000000002,12582535.359347014,0.5929236413201457,0.5411917681685335,11296.164636629326,0.8619282213676187,1.228558901283157,280.0,0.9927642464286582,0.720218119948697,0.6690848156656803
6.2,11.37802900454994,5.382574009441792,11.020000000000021,12630578.248070434,0.5856572268070437,0.5360621517048706,11318.756965902585,0.8604677489035899,1.2555815523930405,280.5,0.9939328376029737,0.7202219205332266,0.677739391587352
6.300000000000001,11.833150164731938,5.647041869179115,11.080000000000021,12678805.20916444,0.578310967239167,0.5309302760082804,11341.39447983439,0.8590068351045643,1.2831072746654522,281.0,0.994948922714311,0.7202257286747489,0.6863506946294152
6.4,12.306476171321215,5.932214380490377,11.140000000000022,12727216.242629036,0.5708872500998408,0.5257961365602969,11364.077268794057,0.857545484797895,1.3111365353818003,281.5,0.9958259358503926,0.7202295443881861,0.6949189411562682
6.5,12.798735218174064,6.240211560947754,11.200000000000022,12775811.348464219,0.5633886277224754,0.5206597288334175,11386.805423331645,0.8560837028252828,1.3396692571158504,282.0,0.996577163534515,0.7202333676884896,0.7034443464504868
6.6000000000000005,13.310684626901027,6.573415180783847,11.260000000000023,12824590.526669988,0.5558178173187118,0.5155210482910844,11409.579034178309,0.8546214940427592,1.3687047996319408,282.5,0.9972155775121865,0.7202371985906397,0.7119271247182344
6.7,13.843112011977068,6.934506377674897,11.320000000000023,12873553.777246347,0.5481777004386936,0.5103800903876665,11432.398192246665,0.8531588633206709,1.3982419429405701,283.00000000000006,0.9977536849288376,0.720241037109646,0.7203674890946432
6.800000000000001,14.396836492456151,7.326509418941789,11.380000000000024,12922701.100193292,0.5404713218381737,0.5052368505684418,11455.262988631159,0.8516958155436619,1.4282788716517947,283.5,0.9982033987058405,0.7202448832605474,0.72876565164917
6.9,14.972709952154396,7.752842734720751,11.440000000000024,12972032.495510826,0.5327018877296373,0.5000913242695787,11478.173514608421,0.8502323556106565,1.4588131607664667,284.00000000000006,0.9985759301778703,0.720248737058412,0.7371218233909241
7.0,15.571618350240572,8.217378572456486,11.500000000000025,13021547.963198947,0.5248727633974514,0.49494350691811784,11501.129861637637,0.8487684884348414,1.4898417630437015,284.5,0.9988817052550677,0.720252598518337,0.7454362142739696
7.1000000000000005,16.194483084250194,8.724512899952545,11.560000000000025,13071247.503257656,0.5169874701602138,0.4897933939319541,11524.132121360912,0.8473042189436482,1.5213609980800655,285.00000000000006,0.999130304553276,0.7202564676554493,0.7537090332025997
7.2,16.8422624076202,9.279247523181645,11.620000000000026,13121131.115686953,0.5090496816669798,0.484640980719818,11547.180385603633,0.8458395520787342,1.5533665432317325,285.5,0.9993304271306542,0.7202603444849051,0.7619404880365868
7.300000000000001,17.515952903925008,9.887286801221425,11.680000000000026,13171198.800486838,0.5010632195178527,0.4794862626812576,11570.27474637484,0.8443744927959644,1.5858534265052275,286.00000000000006,0.9994898767143124,0.7202642290218901,0.7701307855964038
7.4,18.21659102008201,10.555151853113127,11.740000000000027,13221450.55765731,0.49303204820353697,0.4743292352066201,11593.41529586759,0.8429090460653924,1.6188160215353564,286.5,0.9996155686287516,0.7202681212816195,0.7782801316684218
7.5,18.94525466088529,11.290315784298892,11.800000000000027,13271886.387198372,0.48496026936282577,0.4691698936770334,11616.602126459326,0.8414432168712405,1.6522480447604682,287.00000000000006,0.9997135550768469,0.7202720212793383,0.7863887310100797
7.6000000000000005,19.7030648473207,12.101364244269442,11.860000000000028,13322506.28911002,0.476852115361603,0.46400823346438747,11639.835330712243,0.8399770102118803,1.6861425548953213,287.5,0.9997890659957704,0.7202759290303209,0.7944567873550292
7.7,20.49118744121353,12.99818660127115,11.920000000000028,13373310.263392257,0.4687119422017473,0.45884424993131623,11663.115001373668,0.8385104310998128,1.7204919547905873,288.00000000000006,0.9998465624289689,0.7202798445498716,0.8024845034182541
7.800000000000001,21.310834938862072,13.99220423441777,11.980000000000029,13424298.31004508,0.4605442217732854,0.4536779384311789,11686.441231376415,0.8370434845616476,1.7552879957554162,288.5,0.9998897992269894,0.7202837678533242,0.8104720809011627
7.9,22.163268336416554,15.096643962545608,12.04000000000003,13475470.429068493,0.4523535334682097,0.4485092943080412,11709.814113839167,0.8355761756380822,1.790521784405617,289.00000000000006,0.9999218939115905,0.7202876989560427,0.8184197204966569
8.0,23.049799069873217,16.326866535347516,12.10000000000003,13526826.620462492,0.4441445551794991,0.4433383128966573,11733.233742066846,0.834108509383881,1.8261837920849477,289.5,0.9999453986975858,0.7202916378734208,0.8263276218941736
8.1,23.971791032668147,17.700762512618923,12.16000000000003,13578366.88422708,0.4359220537140069,0.43816498952245064,11756.70020955098,0.8326404908678539,1.8622638668908558,290.0,0.9999623729459047,0.7202955846208821,0.8341959837847027
8.200000000000001,24.930662673974872,19.239230890522368,12.22000000000003,13630091.220362255,0.42769087465294997,0.43298931950149555,11780.213609970082,0.8311721251728339,1.8987512483189253,290.5,0.9999744536938817,0.7202995392138801,0.8420250038657792
8.3,25.927889180933867,20.966759680195196,12.280000000000031,13681999.62886802,0.4194559316986837,0.42781129814049856,11803.774037190022,0.8297034173956556,1.9356345845223908,291.00000000000006,0.999982922345124,0.7203035016678988,0.8498148788464502
8.4,26.96500474817122,22.912132539812244,12.340000000000032,13734092.10974437,0.411222195551227,0.42263092073677955,11827.381585264402,0.8282343726471322,1.9729019521645463,291.5,0.9999887660699714,0.7203074719984518,0.857565804452218
8.5,28.04360493809807,25.109291816089726,12.400000000000032,13786368.66299131,0.4029946823625377,0.4174481825782531,11851.036348434931,0.8267649960520327,2.0105408788229067,292.0,0.9999927329378006,0.7203114502210831,0.8652779754299569
8.6,29.165349135621994,27.59839637322859,12.460000000000033,13838829.288608836,0.3947784418207823,0.41226307894340963,11874.7384211318,0.8252952927490588,2.0485383678847575,292.5,0.9999953802464725,0.720315436351367,0.872951585552807
8.700000000000001,30.331963101046874,30.427122916252504,12.520000000000033,13891473.986596951,0.38657854492072674,0.4070756051012965,11898.487897974064,0.8238252678908208,2.0868809258544467,293.0,0.9999971159093254,0.7203194304049078,0.880586827625043
8.8,31.54524162508875,33.652272868696656,12.580000000000034,13944302.756955653,0.3784000714798503,0.4018857563114991,11922.284873770011,0.8223549266438142,2.125554591973717,293.5,0.9999982330898333,0.7203234323973403,0.8881838934869178
8.9,32.807051290092296,37.34176419835647,12.640000000000034,13997315.599684944,0.37024809746279425,0.3966935278241221,11946.129443517551,0.8208842741883948,2.164544970037666,294.0,0.999998938528954,0.7203274423443298,0.8957429740194832
9.0,34.11933334169599,41.57711018128586,12.700000000000035,14050512.514784822,0.36212768217925834,0.39149891487977034,11970.021702404587,0.8194133157187544,2.2038372622708873,294.5,0.9999993751877758,0.720331460261572,0.9032642591493858
9.1,35.48410667536383,46.45651667898429,12.760000000000035,14103893.502255287,0.3540438554224091,0.3863019127095299,11993.961745809396,0.8179420564428955,2.2434163051111407,295.0,0.9999996399320247,0.7203354861647929,0.9107479378536388
9.200000000000001,36.903470942378384,52.09876840997775,12.820000000000036,14157458.56209634,0.34600160461623114,0.381102516534949,12017.949669301015,0.8164705015826058,2.2832666067317766,295.5,0.9999997970239255,0.7203395200697494,0.9181941981643706
9.3,38.37960978007352,58.64812609458136,12.880000000000036,14211207.694307981,0.3380058620410087,0.37590072156801885,12041.985568639617,0.8149986563734325,2.3233723861192894,296.0,0.9999998881727616,0.7203435619922288,0.9256032271735488
9.4,39.91479417127646,66.28052456752782,12.940000000000037,14265140.89889021,0.33006149220625314,0.3706965230111549,12066.069539776896,0.813526526064656,2.3637176135089915,296.5,0.9999999398418529,0.7203476119480491,0.9329752110376811
9.5,41.51138593812752,75.21145292307206,13.000000000000037,14319258.175843026,0.32217327943988056,0.36548991605717723,12090.20167885645,0.8120541159192637,2.4042860519701024,297.0,0.999999968430248,0.720351669953059,0.9403103349824927
9.600000000000001,43.17184137565262,85.706019664689,13.060000000000038,14373559.525166431,0.3143459157612945,0.3602808958892916,12114.382082214164,0.8105814312139222,2.4450612999216013,297.5,0.9999999838546688,0.7203557360231381,0.9476087833075802
9.700000000000001,44.89871503067872,98.09187001736689,13.120000000000038,14428044.946860423,0.3065839891042467,0.3550694576810702,12138.610846378593,0.8091084772389512,2.4860268343522463,298.0,0.999999991961523,0.7203598101741969,0.9548707393910424
9.8,46.69466363190587,112.7758448238358,13.180000000000039,14482714.440925004,0.29889197195295447,0.34985559659643234,12162.88806807135,0.8076352592982947,2.527166054512229,298.5,0.999999996107885,0.7203638924221767,0.9620963856940872
9.9,48.5624501771821,130.26557291575241,13.24000000000004,14537568.007360172,0.2912742104519681,0.3446393077896252,12187.213844207492,0.8061617827094938,2.568462325840148,299.0,0.9999999981693808,0.7203679827830497,0.9692859037656167
10.0,50.50494818426938,151.19760269305863,13.30000000000004,14592605.646165928,0.2837349140467458,0.33942058640520445,12211.588271895907,0.8046880528036575,2.609899023887362,299.5,0.9999999991645762,0.7203720812728194,0.9764394742467887
10.100000000000001,52.525146111640154,176.37424800225054,13.36000000000004,14647827.357342271,0.2762781457078418,0.33419942757801485,12236.0114484397,0.8032140749254347,2.6514595780023815,300.0,0.9999999996305224,0.7203761879075201,0.9835572768755547
10.200000000000001,54.62615195610576,206.8121111622309,13.42000000000004,14703233.140889203,0.26890781278710196,0.32897582643317086,12260.48347133658,0.8017398544329845,2.693127514540734,300.5,0.9999999998418401,0.7203803027032174,0.9906394904911769
10.3,56.811198034349985,243.80634226179757,13.480000000000041,14758822.996806722,0.26162765854933795,0.3237497780860372,12285.004438279253,0.8002653966979464,2.7348864993706288,301.0,0.9999999999345567,0.720384425676008,0.997686293038721
10.4,59.08364595572399,289.016228572521,13.540000000000042,14814596.92509483,0.2544412544176838,0.3185212776422093,12309.574447155812,0.798790707105411,2.7767203794517745,301.5,0.99999999997386,0.7203885568420202,1.0046978615735274
10.5,61.44699179395295,344.57986957442114,13.600000000000042,14870554.925753525,0.24735199296528562,0.3132903201974937,12334.193596050123,0.7973157910538895,2.818613223273645,302.0,0.9999999999899353,0.720392696217413,1.0116743722656598
10.600000000000001,63.90487146571107,413.26875687233996,13.660000000000043,14926696.998782808,0.24036308168020784,0.30805690083788867,12358.861983242223,0.7958406539552825,2.860549359950282,302.5,0.9999999999962699,0.7203968438183773,1.0186160004043314
10.700000000000001,66.46106632433951,498.69744859158834,13.720000000000043,14983023.144182678,0.23347753752452402,0.30282101463956446,12383.579707208708,0.7943653012348495,2.902513416781268,303.0,0.9999999999986714,0.7204009996611352,1.0255229204023097
10.8,69.11950897731309,605.6098029403355,13.780000000000044,15039533.361953137,0.22669818230257116,0.2975826566688436,12408.346866623126,0.7928897383311772,2.9444903551024693,303.5,0.9999999999995459,0.7204051637619405,1.0323953058002981
10.9,71.88428933640562,740.2723066176906,13.840000000000044,15096227.652094183,0.22002763884734744,0.2923418219821813,12433.163560356372,0.7914139706961473,2.986465504265552,304.0,0.9999999999998513,0.7204093361370785,1.0392333292712967
11.0,74.75966090986184,911.0182372468593,13.900000000000045,15153106.014605818,0.21346832802809665,0.28709850562614564,12458.029887477085,0.7899380037949049,3.0284245936017338,304.5,0.9999999999999535,0.7204135168028658,1.0460371626249403
11.100000000000001,77.75004734625631,1129.005754303388,13.960000000000045,15210168.44948804,0.20702246657631124,0.2818527026373979,12482.94594725204,0.7884618431058252,3.0703537822426483,305.0,0.9999999999999861,0.720417705775651,1.0528069768118156
11.200000000000001,80.86004924010656,1409.2815931717914,14.020000000000046,15267414.95674085,0.20069206572176138,0.2766044080426727,12507.911839146544,0.7869854941204811,3.11223968668928,305.5,0.999999999999996,0.7204219030718144,1.0595429419277564
11.3,84.09445120971083,1772.284554120509,14.080000000000046,15324845.536364248,0.1944789306247767,0.2713536168587581,12532.927662824837,0.7855089623436092,3.154069406038506,306.0,0.9999999999999989,0.720426108707768,1.0662452272181178
11.4,87.45822925809927,2245.9867133309504,14.140000000000047,15382460.188358234,0.18838466058592138,0.2661003240924756,12557.993518150486,0.7840322532930762,3.1958305447956095,306.5,0.9999999999999998,0.7204303226999559,1.0729140010820273
11.5,90.95655842842324,2868.966576686344,14.200000000000047,15440258.912722807,0.18241065000945783,0.26084452474066055,12583.109505186787,0.782555372499845,3.23751123321995,307.0,0.9999999999999999,0.7204345450648537,1.0795494310766172
11.600000000000001,94.59482076556017,3694.855053521334,14.260000000000048,15498241.70945797,0.17655809009262804,0.2555862137901419,12608.275724197161,0.7810783255079393,3.2791001451696715,307.5,1.0,0.7204387758189693,1.0861516839212342
11.700000000000001,98.37861359618257,4798.820333951879,14.320000000000048,15556408.578563718,0.17082797120882676,0.2503253862177222,12633.492275645556,0.7796011178744096,3.320586513429632,308.0,1.0,0.7204430149788426,1.092720925501628
11.8,102.31375814002988,6287.106513015224,14.380000000000049,15614759.520040054,0.16522108594922266,0.24506203699015766,12658.759260196848,0.7781237551692969,3.361960142524453,308.5,1.0,0.7204472625610453,1.0992573208741199
11.9,106.40630846563107,8311.18559623019,14.44000000000005,15673294.533886978,0.1597380327843207,0.23979616106413798,12684.076778717243,0.7766462429755976,3.403211419035605,309.0,1.0,0.7204515185821817,1.1057610342697493
12.0,110.66256080425632,11088.941114976382,14.50000000000005,15732013.62010449,0.1543792203043614,0.23452775338626625,12709.444932274677,0.7751685868892269,3.4443313194575893,309.5,1.0,0.7204557830588881,1.1122322290984006
12.100000000000001,115.08906323642657,14936.667092873702,14.56000000000005,15790916.77869259,0.1491448719953279,0.2292568088930388,12734.863822139227,0.7736907925189822,3.485311415643357,310.0,1.0,0.7204600560078329,1.1186710679529086
12.200000000000001,119.69262576588363,20317.858170046387,14.62000000000005,15850004.009651277,0.1440350315056733,0.22398332251082487,12760.333549783505,0.7722128654865064,3.526143877903135,310.5,1.0,0.7204643374457173,1.1250777126131442
12.3,124.48033079651898,27918.319425532074,14.680000000000051,15909275.312980553,0.13904956835768748,0.21870728915584653,12785.854216883072,0.7707348114262501,3.5668214758335703,311.0,1.0,0.7204686273892743,1.1314523240500785
12.4,129.45954402837975,38762.9391290344,14.740000000000052,15968730.688680416,0.13418818405667338,0.21342870373415823,12811.425925316838,0.7692566359854341,3.607337576965625,311.5,1.0,0.7204729258552699,1.137795062429828
12.5,134.63792578951495,54399.08049050382,14.800000000000052,16028370.136750868,0.12945041855078776,0.20814756114162655,12837.048777167473,0.7677783448240113,3.647686143329794,312.0,1.0,0.7204772328605021,1.144106087117679
12.600000000000001,140.02344282109556,77187.60478415628,14.860000000000053,16088193.657191906,0.1248356569944915,0.2028638562639098,12862.722874721807,0.7662999436146275,3.6878617260460245,312.5,1.0,0.7204815484218022,1.1503855566820904
12.700000000000001,145.6243805339394,110769.64135089351,14.920000000000053,16148201.250003533,0.12034313676902812,0.1975775839764376,12888.44832047125,0.7648214380425831,3.727859458053126,313.0,1.0,0.7204858725560334,1.15663362889868
12.8,151.44935575529695,160823.46718222843,14.980000000000054,16208392.915185748,0.11597195471417493,0.19228873914439049,12914.225217112193,0.763342833805793,3.767675045098544,313.5,1.0,0.7204902052800919,1.1628504607541867
12.9,157.50732998550882,236305.65067520677,15.040000000000054,16268768.65273855,0.11172107452665889,0.18699731662267927,12940.053667546417,0.7618641366147475,3.80730475511405,314.0,1.0,0.7204945466109068,1.1690362084504158
13.0,163.80762318492918,351509.85173035535,15.100000000000055,16329328.46266194,0.10758933428206527,0.18170331125592462,12965.93377488151,0.7603853521924714,3.8467454061063595,314.5,1.0,0.7204988965654399,1.1751910274081636
13.100000000000001,170.35992811232634,529522.4795204198,15.160000000000055,16390072.34495592,0.10357545403875805,0.17640671787843648,12991.865642431274,0.7589064862744838,3.885994352693828,315.0,1.0,0.7205032551606857,1.1813150722711228
13.200000000000001,177.17432523681939,808093.5513481047,15.220000000000056,16451000.299620485,0.09967804348424118,0.17110753131419335,13017.849373716137,0.7574275446087566,3.925049471421364,315.5,1.0,0.720507622413672,1.1874084969097671
13.3,184.26129824629217,1249735.2436833028,15.280000000000056,16512112.32665564,0.09589560958648578,0.16580574637682172,13043.885072463569,0.7559485329556735,3.9639091449855957,316.0,1.0,0.7205119983414595,1.1934714544252183
13.4,191.63175017614387,1959314.7877342473,15.340000000000057,16573408.42606138,0.09222656421499549,0.16050135786957537,13069.972842608495,0.7544694570879878,4.002572245501141,316.5,1.0,0.7205163829611417,1.1995040971530921
13.5,199.29702018318963,3115105.275308802,15.400000000000057,16634888.59783771,0.08866923169874731,0.15519436058531452,13096.112788293713,0.7529903227907803,4.041038116936738,317.0,1.0,0.7205207762898456,1.2055065766673267
13.600000000000001,207.2689009905172,5024325.45121637,15.460000000000058,16696552.841984628,0.08522185629059752,0.14988474930648515,13122.3050138703,0.751511135861416,4.079306556847056,317.5,1.0,0.7205251783447312,1.2114790437839902
13.700000000000001,215.55965703013788,8223849.57646152,15.520000000000058,16758401.158502134,0.08188260951025027,0.14457251880509814,13148.549623898041,0.750031902109502,4.11737779752229,318.0,1.0,0.7205295891429917,1.2174216485650702
13.8,224.1820433113434,13665397.902616914,15.580000000000059,16820433.547390226,0.0786495973404239,0.13925766384270832,13174.846723145838,0.748552627356843,4.155252486673237,318.5,1.0,0.7205340087018539,1.2233345403222449
13.9,233.14932504379712,23060989.344569787,15.64000000000006,16882650.008648906,0.07552086725338894,0.13394017917039375,13201.196416592129,0.7470733174373978,4.192931667764668,319.0,1.0,0.7205384370385776,1.2292178676206336
14.0,242.475298045549,39536866.486324266,15.70000000000006,16945050.542278174,0.07249441504757016,0.12862005952873454,13227.598809425313,0.7455939781972348,4.230416760104334,319.5,1.0,0.7205428741704564,1.2350717782825305
14.100000000000001,252.17430996737096,68890059.93879479,15.76000000000006,17007635.14827803,0.06956819147638092,0.123297299647792,13254.054007044164,0.7441146154944873,4.267709538789128,320.0,1.0,0.7205473201148171,1.2408964193911178
14.200000000000001,262.2612823660658,122040320.82390592,15.82000000000006,17070403.826648477,0.06674010865387205,0.11797189424708758,13280.562115058252,0.7426352351993081,4.304812114603861,320.5,1.0,0.7205517748890203,1.2466919372941623
14.3,272.75173366070845,219890278.75519547,15.880000000000061,17133356.57738951,0.06400804622411443,0.11264383803558176,13307.123239288368,0.7411558431938238,4.3417269139617325,321.0,1.0,0.7205562385104602,1.2524584776076915
14.4,283.66180300713677,403114997.17337143,15.940000000000062,17196493.40050113,0.061369857283479046,0.10731312571165291,13333.737485766946,0.739676445372089,4.378456658969072,321.5,1.0,0.7205607109965646,1.258196185219653
14.5,295.0082751274222,752206702.8832182,16.00000000000006,17259814.295983337,0.05882337404711915,0.10197975196307622,13360.404960738479,0.7381970476400395,4.415004347690433,322.0,1.0,0.7205651923647951,1.2639052042935548
14.600000000000001,306.8086061325191,1429211409.2970572,16.06000000000006,17323319.26383613,0.056366413252987975,0.1,13387.125770659955,0.7367176559154456,4.45137323468348,322.5,1.0,0.7205696826326471,1.2695856782720871
14.700000000000001,319.0809503778199,2766132661.5018835,16.120000000000058,17387008.304059513,0.05399678129863273,0.1,13413.900022201275,0.7352382761278647,4.487566811866644,323.0,1.0,0.7205741818176499,1.2752377498807266
14.8,331.84418839293267,5455485366.93386,16.180000000000057,17450881.416653484,0.05171227910778789,0.1,13440.727822245677,0.7337589142185935,4.523588789776042,323.5,1.0,0.7205786899373667,1.280861561131323
14.9,345.11795592864996,10968430989.076931,16.240000000000055,17514938.601618044,0.04951070672544383,0.1,13467.60927789017,0.7322795761406197,4.559443079261937,324.0,1.0,0.7205832070093949,1.2864572533256664
15.0,358.92267416579597,22489164901.997158,16.300000000000054,17579179.85895319,0.047389867641588555,0.1,13494.54449644595,0.7308002678585735,4.595133773668858,324.5,1.0,0.7205877330513657,1.292024967059038
15.100000000000001,373.2795811324278,47042115994.66826,16.360000000000053,17643605.188658923,0.045347572845210876,0.1,13521.533585438841,0.7293209953486788,4.630665131537679,325.0,1.0,0.7205922680809447,1.297564842223743
15.200000000000001,388.2107643777249,100427331796.80682,16.42000000000005,17708214.590735245,0.043381644611413556,0.1,13548.57665260972,0.7278417645987029,4.666041559862313,325.5,1.0,0.7205968121158315,1.303077018012624
15.3,403.7391949528339,218894655497.52026,16.48000000000005,17773008.065182157,0.04148992002561704,0.1,13575.67380591494,0.7263625816079075,4.701267597928261,326.0,1.0,0.7206013651737601,1.308561632922561
15.4,419.88876275094725,487307131300.1233,16.54000000000005,17837985.611999653,0.039670254249841747,0.1,13602.82515352677,0.7248834523869978,4.736347901755314,326.5,1.0,0.7206059272724986,1.314018824757948
15.5,436.68431326098516,1108461103593.5918,16.600000000000048,17903147.23118774,0.03792052353694327,0.1,13630.030803833824,0.7234043829580721,4.77128722916179,327.0,1.0,0.7206104984298498,1.3194487306341582
15.600000000000001,454.1516857914246,2577230747545.34,16.660000000000046,17968492.922746412,0.036238627999445876,0.1,13657.290865441491,0.72192537935457,4.806090425463321,327.5,1.0,0.7206150786636509,1.3248514869809875
15.700000000000001,472.3177532230816,6127250274772.148,16.720000000000045,18034022.686675675,0.03462249414027953,0.1,13684.605447172375,0.7204464476212216,4.84076240981506,328.0,1.0,0.7206196679917735,1.3302272295460826
15.8,491.21046335200487,14901186278541.402,16.780000000000044,18099736.522975523,0.033070077153281884,0.1,13711.97465806672,0.7189675938139946,4.875308162202279,328.5,1.0,0.7206242664321237,1.3355760933983523
15.9,510.85888188608504,37083559921850.11,16.840000000000042,18165634.43164596,0.031579363001783656,0.1,13739.398607382853,0.7174888240000422,4.9097327110808555,329.0,1.0,0.7206288740026425,1.3408982129313605
16.0,531.2932371615284,94473211194773.81,16.90000000000004,18231716.412686985,0.030148370283961563,0.1,13766.877404597619,0.7160101442576504,4.944041121665994,329.5,1.0,0.7206334907213056,1.3461937218667037
16.1,552.5449666479896,246469243964843.78,16.96000000000004,18297982.4660986,0.028775151893923115,0.1,13794.411159406814,0.714531560676184,4.97823848486448,330.0,1.0,0.7206381166061231,1.3514627532573702
16.2,574.6467653139091,658722303183245.9,17.02000000000004,18364432.5918808,0.027457796487689003,0.1,13821.999981725628,0.713053079356033,5.012329906843287,330.5,1.0,0.7206427516751405,1.3567054394910834
16.3,597.6326359264655,1804201060024135.5,17.080000000000037,18431066.790033586,0.026194429763368176,0.1,13849.64398168908,0.7115747064085587,5.046320499224974,331.0,1.0,0.7206473959464377,1.361921912293628
16.400000000000002,621.537941363524,5066012381655140.0,17.140000000000036,18497885.060556963,0.024983215564884365,0.1,13877.343269652458,0.7100964479560387,5.080215369898215,331.5,1.0,0.72065204943813,1.3671123027321597
16.5,646.399459018065,1.4588159287228146e+16,17.200000000000035,18564887.40345093,0.023822356818617132,0.1,13905.097956191763,0.7086183101316116,5.114019614430082,332.0,1.0,0.7206567121683675,1.3722767412184989
16.6,672.2554373787876,4.309631649053747e+16,17.260000000000034,18632073.81871548,0.02271009631227158,0.1,13932.908152104146,0.7071402990792219,5.147738308065057,332.5,1.0,0.7206613841553353,1.3774153575124064
16.7,699.1456548739392,1.3065796051317832e+17,17.320000000000032,18699444.30635062,0.021644717325194605,0.1,13960.773968408355,0.7056624209535636,5.1813764982944965,333.0,1.0,0.720666065417254,1.3825282807248445
16.8,727.1114810688968,4.0666466602331405e+17,17.38000000000003,18766998.866356347,0.02062454411921749,0.1,13988.695516345171,0.7041846819200237,5.214939197979106,333.5,1.0,0.7206707559723792,1.3876156393212202
16.900000000000002,756.1959403116526,1.299836278845464e+18,17.44000000000003,18834737.498732664,0.019647942298930215,0.1,14016.672907377862,0.7027070881546257,5.248431379006076,334.0,1.0,0.7206754558390019,1.392677561124614
17.0,786.4437779241188,4.268126574426382e+18,17.50000000000003,18902660.203479566,0.018713319050086837,0.1,14044.706253192619,0.7012296458439717,5.281857966461858,334.5,1.0,0.7206801650354484,1.397714173318991
17.1,817.9015290410836,1.4402073236593414e+19,17.560000000000027,18970766.980597056,0.017819123264608702,0.1,14072.795665699005,0.6997523611851854,5.315223833300907,335.0,1.0,0.7206848835800804,1.4027256024523962
17.2,850.6175902027269,4.9956537499856585e+19,17.620000000000026,19039057.830085136,0.016963845560397026,0.1,14100.941257030403,0.698275240385853,5.348533795490414,335.5,1.0,0.7206896114912954,1.4077119744401343
17.3,884.642293810836,1.7818761419135494e+20,17.680000000000025,19107532.7519438,0.016146018203892974,0.1,14129.143139544463,0.6967982896639651,5.381792607610723,335.99999999999994,1.0,0.7206943487875259,1.4126734145679336
17.400000000000002,920.0279855632695,6.537573276449868e+20,17.740000000000023,19176191.746173054,0.015364214943035182,0.1,14157.401425823553,0.6953215152478572,5.415004958891037,336.5,1.0,0.7206990954872406,1.417610047495094
17.5,956.8291049858002,2.4679887991609927e+21,17.800000000000022,19245034.812772896,0.014617050757965232,0.1,14185.7162286752,0.6938449233761509,5.448175469660011,337.0,1.0,0.7207038516089436,1.4225219972576184
17.6,995.1022691852322,9.589339172596986e+21,17.86000000000002,19314061.951743327,0.013903181536523911,0.1,14214.087661132551,0.6923685202976927,5.481308688190877,337.5,1.0,0.7207086171711747,1.4274093872713303
17.7,1034.9063599526414,3.836029877210023e+22,17.92000000000002,19383273.163084343,0.013221303681268108,0.1,14242.515836454817,0.6908923122714947,5.514409087921004,338.0,1.0,0.72071339219251,1.4322723403349735
17.8,1076.302614350747,1.5803365476047185e+23,17.980000000000018,19452668.446795948,0.012570153654422152,0.1,14271.000868127727,0.689416305566673,5.547481065025994,338.5,1.0,0.7207181766915607,1.4371109786332987
17.900000000000002,1119.354718924777,6.706802669041767e+23,18.040000000000017,19522247.80287814,0.011948507466860795,0.1,14299.542869863983,0.6879405064623865,5.580528936328782,339.0,1.0,0.7207229706869748,1.4419254237401322
18.0,1164.1289076817682,2.932927835854497e+24,18.100000000000016,19592011.231330924,0.011355180116905608,0.1,14328.14195560371,0.6864649212477753,5.613556937524645,339.5,1.0,0.7207277741974356,1.4467157966214315
18.1,1210.6940639890388,1.3219839986980559e+25,18.160000000000014,19661958.73215429,0.010789024984404275,0.1,14356.798239514917,0.6849895562218982,5.64656922170338,339.99999999999994,1.0,0.7207325872416632,1.4514822176383244
18.2,1259.1218265486004,6.143368298415215e+25,18.220000000000013,19732090.305348247,0.010248933185254354,0.1,14385.511835993948,0.6835144176936703,5.6795698581505345,340.5,1.0,0.7207374098384133,1.4562248065501329
18.3,1309.4866996105445,2.944126616207544e+26,18.280000000000012,19802405.950912792,0.01,0.1,14414.282859665936,0.6820395119817996,5.712562831409986,340.99999999999994,1.0,0.7207422420064781,1.4609436825173823
18.400000000000002,1361.8661675949663,1.455417245313019e+27,18.34000000000001,19872905.668847926,0.01,0.1,14443.111425385268,0.6805648454147234,5.744149376708318,341.5,1.0,0.720747083764686,1.4656389641047953
18.5,1416.340814298765,7.423499022370908e+27,18.40000000000001,19943589.459153645,0.01,0.1,14471.99764823604,0.6790904243305447,5.774529265206139,342.0,1.0,0.7207519351319019,1.4703107692842714
18.6,1472.9944468707156,3.9077465458579163e+28,18.460000000000008,20014457.321829952,0.01,0.1,14500.941643532511,0.677616255076967,5.805007696660444,342.5,1.0,0.7207567961270269,1.4749592154378501
18.7,1531.9142247455443,2.1234629629526578e+29,18.520000000000007,20085509.25687685,0.01,0.1,14529.943526819576,0.67614234401123,5.835584943723505,343.0,1.0,0.720761666768999,1.4795844193606609
18.8,1593.190793735366,1.1914204263399441e+30,18.580000000000005,20156745.264294334,0.01,0.1,14559.003413873215,0.6746686975000438,5.86626127974403,343.5,1.0,0.7207665470767923,1.4841864972638577
18.900000000000002,1656.9184254847808,6.903771896874236e+30,18.640000000000004,20228165.344082404,0.01,0.1,14588.121420700962,0.6731953219195232,5.897036978768865,344.0,1.0,0.7207714370694178,1.4887655647775384
19.0,1723.195162504172,4.132428905915216e+31,18.700000000000003,20299769.496241063,0.01,0.1,14617.297663542364,0.6717222236551218,5.9279123155446785,344.5,1.0,0.7207763367659232,1.4933217369536507
19.1,1792.122969004339,2.5557359839700476e+32,18.76,20371557.72077031,0.01,0.1,14646.532258869449,0.6702494091015643,5.958887565519682,345.0,1.0,0.720781246185393,1.4978551282688823
19.200000000000003,1863.8078877645125,1.633465150248048e+33,18.82,20443530.017670147,0.01,0.1,14675.825323387187,0.6687768846627802,5.989963004845322,345.50000000000006,1.0,0.7207861653469483,1.5023658526275379
19.3,1938.360203275093,1.0791362821764037e+34,18.88,20515686.38694057,0.01,0.1,14705.176974033962,0.6673046567518357,6.021138910378003,346.00000000000006,1.0,0.7207910942697474,1.5068540233644
19.400000000000002,2015.8946114060968,7.370587796251997e+34,18.939999999999998,20588026.82858158,0.01,0.1,14734.58732798203,0.6658327317908658,6.052415559680794,346.50000000000006,1.0,0.7207960329729856,1.5113197532475782
19.5,2096.530395862341,5.20561312772756e+35,18.999999999999996,20660551.34259318,0.01,0.1,14764.056502637994,0.6643611162110056,6.0837932310251555,347.00000000000006,1.0,0.7208009814758949,1.5157631544813404
19.6,2180.3916116968344,3.8024875778786054e+36,19.059999999999995,20733259.928975362,0.01,0.1,14793.584615643269,0.6628898164523214,6.115272203392656,347.50000000000006,1.0,0.7208059397977447,1.5201843387089335
19.700000000000003,2267.607276164708,2.8732260946710556e+37,19.119999999999994,20806152.587728135,0.01,0.1,14823.171784874556,0.661418838963741,6.146852756476703,348.0,1.0,0.7208109079578415,1.524583417015389
19.8,2358.3115672112963,2.24623696811183e+38,19.179999999999993,20879229.318851497,0.01,0.1,14852.818128444305,0.6599481902029842,6.178535170684271,348.50000000000006,1.0,0.7208158859755293,1.528960499930312
19.900000000000002,2452.644029899748,1.8171910396420792e+39,19.23999999999999,20952490.122345448,0.01,0.1,14882.523764701195,0.658477876636492,6.210319727137645,349.0,1.0,0.7208208738701889,1.5333156974306603
20.0,2550.749791095738,1.5215217168933099e+40,19.29999999999999,21025934.998209983,0.01,0.1,14912.288812230598,0.6570079047393561,6.242206707676149,349.50000000000006,1.0,0.7208258716612389,1.537649118943507
20.1,2652.7797827395675,1.3187408147186428e+41,19.35999999999999,21099563.946445107,0.01,0.1,14942.113389855058,0.6555382809952474,6.274196394857899,350.0,1.0,0.7208308793681353,1.5419608733487895
20.200000000000003,2758.8909740491504,1.183350884281679e+42,19.419999999999987,21173376.96705082,0.01,0.1,14971.997616634768,0.6540690118963441,6.306289071961544,350.50000000000006,1.0,0.7208358970103714,1.5462510689820455
20.3,2869.2466130111166,1.099530936887932e+43,19.479999999999986,21247374.060027122,0.01,0.1,15001.941611868036,0.6526001039432602,6.338485022988026,351.00000000000006,1.0,0.7208409246074786,1.5505198136371352
20.400000000000002,2984.016477531561,1.0580500150641168e+44,19.539999999999985,21321555.22537401,0.01,0.1,15031.945495091773,0.6511315636449718,6.370784532662323,351.50000000000006,1.0,0.7208459621790254,1.5547672145689495
20.5,3103.3771366328237,1.0545636802301604e+45,19.599999999999984,21395920.463091485,0.01,0.1,15062.009386081956,0.649663397518745,6.403187886435228,352.0,1.0,0.7208510097446184,1.5589933784961048
20.6,3227.5122220981366,1.0888508578482557e+46,19.659999999999982,21470469.77317955,0.01,0.1,15092.13340485412,0.6481956120900618,6.435695370485093,352.50000000000006,1.0,0.7208560673239018,1.5631984116036242
20.700000000000003,3356.6127109820623,1.1648021975957837e+47,19.71999999999998,21545203.155638203,0.01,0.1,15122.317671663828,0.6467282138925462,6.4683072717196115,353.0,1.0,0.720861134936558,1.567382419545606
20.8,3490.8772194213448,1.2911643817249265e+48,19.77999999999998,21620120.61046744,0.01,0.1,15152.562307007156,0.6452612094678896,6.5010238777775875,353.50000000000006,1.0,0.7208662126023069,1.5715455074478781
20.900000000000002,3630.5123081981988,1.4832420827526172e+49,19.83999999999998,21695222.13766727,0.01,0.1,15182.86743162117,0.643794605365776,6.533845477030708,354.0,1.0,0.7208713003409067,1.5756877799106388
21.0,3775.7328005261265,1.7660276626406633e+50,19.899999999999977,21770507.737237684,0.01,0.1,15213.233166484413,0.6423284081438069,6.56677235858533,354.50000000000006,1.0,0.7208763981721539,1.5798093410110856
21.1,3926.7621125471715,2.1796663794986798e+51,19.959999999999976,21845977.40917869,0.01,0.1,15243.659632817382,0.6408626243674246,6.599804812284261,355.0,1.0,0.7208815061158824,1.5839102943060301
21.200000000000003,4083.832597049058,2.7889455446216005e+52,20.019999999999975,21921631.15349028,0.01,0.1,15274.146952083016,0.6393972606098369,6.632943128708555,355.50000000000006,1.0,0.7208866241919654,1.5879907428345
21.3,4247.185900931021,3.699953990735222e+53,20.079999999999973,21997468.970172457,0.01,0.1,15304.695245987183,0.6379323234519398,6.6661875991792945,356.0,1.0,0.7208917524203133,1.5920507891203275
21.400000000000002,4417.073336968262,5.089863057122855e+54,20.139999999999972,22073490.859225225,0.01,0.1,15335.304636479157,0.6364678194822404,6.6995385157594045,356.50000000000006,1.0,0.7208968908208759,1.5960905351747259
21.5,4593.756270446993,7.261310619829109e+55,20.19999999999997,22149696.82064858,0.01,0.1,15365.975245752115,0.635003755296779,6.732996171255438,357.0,1.0,0.7209020394136406,1.6001100824988523
21.6,4777.506521264872,1.074403038536365e+57,20.25999999999997,22226086.854442522,0.01,0.1,15396.70719624362,0.6335401374990515,6.766560859219392,357.5,1.0,0.7209071982186339,1.604109532086358
21.700000000000003,4968.6067821154675,1.6489421653337245e+58,20.31999999999997,22302660.96060705,0.01,0.1,15427.500610636107,0.6320769726999304,6.800232873950517,358.0,1.0,0.7209123672559206,1.6080889844259263
21.8,5167.351053400086,2.6252511975793656e+59,20.379999999999967,22379419.13914217,0.01,0.1,15458.35561185738,0.6306142675175858,6.83401251049713,358.50000000000006,1.0,0.720917546545604,1.6120485395037967
21.900000000000002,5374.045095536089,4.336141358929777e+60,20.439999999999966,22456361.390047878,0.01,0.1,15489.272323081095,0.629152028577406,6.867900064658434,359.0,1.0,0.7209227361078266,1.6159882968062778
22.0,5589.006899357533,7.4309041089837e+61,20.499999999999964,22533487.71332417,0.01,0.1,15520.250867727258,0.6276902625119178,6.901895832986341,359.50000000000006,1.0,0.7209279359627694,1.6199083553222464
22.1,5812.567175331835,1.3213649067134088e+63,20.559999999999963,22610798.108971052,0.01,0.1,15551.291369462713,0.6262289759607057,6.9360001127873,360.0,1.0,0.7209331461306522,1.6238088135456352
22.200000000000003,6045.069862345108,2.4382752230507428e+64,20.619999999999962,22688292.576988522,0.01,0.1,15582.393952201639,0.6247681755703309,6.970213202124132,360.50000000000006,1.0,0.7209383666317339,1.6276897694779071
22.3,6286.872656838912,4.669348155229703e+65,20.67999999999996,22765971.117376577,0.01,0.1,15613.558740106042,0.6233078679942506,7.004535399817859,361.0,1.0,0.7209435974863124,1.6315513206305177
22.400000000000002,6538.347563112468,9.280618010468264e+66,20.73999999999996,22843833.73013522,0.01,0.1,15644.785857586254,0.6218480598927358,7.038967005449554,361.5,1.0,0.7209488387147247,1.6353935640273651
22.5,6799.881465636967,1.914595457393939e+68,20.799999999999958,22921880.415264454,0.01,0.1,15676.075429301427,0.6203887579327892,7.073508319362175,362.0,1.0,0.7209540903373469,1.6392165962072283
22.6,7071.876724262445,4.100038088403218e+69,20.859999999999957,23000111.172764275,0.01,0.1,15707.42758016003,0.6189299687880625,7.108159642662426,362.5,1.0,0.7209593523745943,1.6430205132261921
22.700000000000003,7354.751793232943,9.114643043763391e+70,20.919999999999956,23078526.00263468,0.01,0.1,15738.84243532035,0.6174716991387731,7.142921277222599,363.0,1.0,0.7209646248469216,1.6468054106600611
22.8,7648.94186496226,2.1035917450181077e+72,20.979999999999954,23157124.904875677,0.01,0.1,15770.32012019099,0.6160139556716209,7.177793525682442,363.50000000000006,1.0,0.7209699077748227,1.6505713836067608
22.900000000000002,7954.899539560751,5.0405898516967446e+73,21.039999999999953,23235907.87948726,0.01,0.1,15801.860760431373,0.6145567450797039,7.212776691451017,364.0,1.0,0.7209752011788313,1.654318526688727
23.0,8273.095521143181,1.2540835637060326e+75,21.09999999999995,23314874.926469434,0.01,0.1,15833.464481952236,0.6131000740624339,7.247871078708562,364.50000000000006,1.0,0.7209805050795204,1.6580469340552835
23.1,8604.019341988907,3.23983541592686e+76,21.15999999999995,23394026.045822192,0.01,0.1,15865.131410916141,0.6116439493254515,7.283076992408374,365.0,1.0,0.7209858194975023,1.661756699385007
23.200000000000003,8948.180115668463,8.691525269765192e+77,21.21999999999995,23473361.23754554,0.01,0.1,15896.861673737974,0.6101883775805406,7.318394738278668,365.5,1.0,0.7209911444534296,1.665447915888082
23.3,9306.107320295201,2.4214189893004032e+79,21.279999999999948,23552880.501639474,0.01,0.1,15928.655397085451,0.6087333655455425,7.353824622824475,366.0,1.0,0.7209964799679941,1.6691206763086415
23.400000000000002,9678.35161310701,7.005969521963078e+80,21.339999999999947,23632583.838104,0.01,0.1,15960.512707879621,0.60727891994427,7.389366953329511,366.5,1.0,0.7210018260619276,1.6727750729270983
23.5,10065.48567763129,2.1052976833760226e+82,21.399999999999945,23712471.246939108,0.01,0.1,15992.43373329538,0.6058250475064203,7.425022037858076,367.0,1.0,0.7210071827560021,1.6764111975624627
23.6,10468.105104736542,6.570940818614173e+83,21.459999999999944,23792542.728144806,0.01,0.1,16024.41860076197,0.6043717549674877,7.4607901852569425,367.5,1.0,0.7210125500710289,1.6800291415746504
23.700000000000003,10886.829308926004,2.1302540230966358e+85,21.519999999999943,23872798.281721093,0.01,0.1,16056.467437963494,0.6029190490686763,7.496671705157252,368.0,1.0,0.7210179280278599,1.6836289958667772
23.8,11322.302481283044,7.173734363576106e+86,21.57999999999994,23953237.90766797,0.01,0.1,16088.580372839422,0.6014669365568115,7.532666907976423,368.50000000000006,1.0,0.721023316647387,1.6872108508874433
23.900000000000002,11775.194580534366,2.509509115333793e+88,21.63999999999994,24033861.60598543,0.01,0.1,16120.757533585102,0.6000154241842516,7.568776104920049,369.0,1.0,0.7210287159505419,1.690774796633006
24.0,12246.20236375574,9.119702615610402e+89,21.69999999999994,24114669.37667348,0.01,0.1,16152.999048652271,0.5985645187087988,7.604999607983817,369.5,1.0,0.7210341259582971,1.694320922649841
24.1,12736.050458305968,3.443016693389571e+91,21.759999999999938,24195661.219732117,0.01,0.1,16185.305046749576,0.5971142268936097,7.641337729955423,370.0,1.0,0.721039546691665,1.697849318036592
24.200000000000003,13245.492476638206,1.3504596495118845e+93,21.819999999999936,24276837.135161344,0.01,0.1,16217.675656843076,0.5956645555071056,7.677790784416481,370.5,1.0,0.7210449781716988,1.701360071446409
24.3,13775.312175703735,5.503322592709397e+94,21.879999999999935,24358197.122961156,0.01,0.1,16250.111008156762,0.5942155113228819,7.714359085744465,371.0,1.0,0.7210504204194917,1.704853271089177
24.400000000000002,14326.324662731884,2.330158325861257e+96,21.939999999999934,24439741.183131557,0.01,0.1,16282.611230173075,0.5927671011196171,7.7510429491146215,371.5,1.0,0.7210558734561779,1.7083290047337312
24.5,14899.37764924116,1.025129247763177e+98,21.999999999999932,24521469.315672547,0.01,0.1,16315.176452633421,0.5913193316809819,7.787842690501917,372.0,1.0,0.721061337302932,1.7117873597100626
24.6,15495.352755210806,4.686186959159788e+99,22.05999999999993,24603381.520584125,0.01,0.1,16347.806805538688,0.5898722097955477,7.824758626682965,372.5,1.0,0.7210668119809693,1.7152284229115122
24.700000000000003,16115.166865419238,2.2259883979069593e+101,22.11999999999993,24685477.79786629,0.01,0.1,16380.502419149765,0.5884257422566936,7.861791075237976,373.0,1.0,0.721072297511546,1.7186522807969546
24.8,16759.773540036007,1.0987590164214925e+103,22.17999999999993,24767758.14751904,0.01,0.1,16413.263423988064,0.5869799358625147,7.898940354552698,373.5,1.0,0.7210777939159589,1.72205901939297
24.900000000000002,17430.164481637446,5.636009727255858e+104,22.239999999999927,24850222.569542382,0.01,0.1,16446.08995083604,0.5855347974157287,7.9362067838203805,374.0,1.0,0.7210833012155461,1.725448724296005
25.0,18127.371060902944,3.0043027957169936e+106,22.299999999999926,24932871.063936308,0.01,0.1,16478.982130737713,0.5840903337235821,7.973590683043714,374.5,1.0,0.7210888194316865,1.728821480674525
25.1,18852.465903339064,1.6642970200946288e+108,22.359999999999925,25015703.630700823,0.01,0.1,16511.94009499919,0.582646551597757,8.011092373036805,375.0,1.0,0.7210943485857998,1.7321773732711523
25.200000000000003,19606.564539472627,9.581756994848445e+109,22.419999999999924,25098720.269835927,0.01,0.1,16544.96397518919,0.5812034578542761,8.04871217542714,375.5,1.0,0.7210998886993474,1.7355164864047965
25.3,20390.82712105153,5.733214941128891e+111,22.479999999999922,25181920.98134162,0.01,0.1,16578.053903139567,0.5797610593134079,8.086450412657541,376.0,1.0,0.7211054397938316,1.7388389039727725
25.400000000000002,21206.460205893593,3.565341973024124e+113,22.53999999999992,25265305.765217897,0.01,0.1,16611.210010945848,0.5783193627995721,8.12430740798816,376.5,1.0,0.7211110018907959,1.7421447094529086
25.5,22054.718614129335,2.3044367011663422e+115,22.59999999999992,25348874.621464763,0.01,0.1,16644.43243096774,0.5768783751412431,8.162283485498454,377.0,1.0,0.7211165750118255,1.745433985905644
25.6,22936.90735869451,1.5481011227657224e+117,22.65999999999992,25432627.550082218,0.01,0.1,16677.721295829673,0.5754381031708543,8.200378970089158,377.5,1.0,0.7211221591785469,1.7487068159761159
25.700000000000003,23854.38365304229,1.080972787439122e+119,22.719999999999917,25516564.55107026,0.01,0.1,16711.076738421332,0.5739985537247017,8.23859418748428,378.0,1.0,0.721127754412628,1.7519632818962354
25.8,24808.55899916398,7.845500614946478e+120,22.779999999999916,25600685.62442889,0.01,0.1,16744.498891898176,0.5725597336428462,8.276929464233103,378.5,1.0,0.7211333607357786,1.7552034654867543
25.900000000000002,25800.901359130537,5.918698777758016e+122,22.839999999999915,25684990.77015811,0.01,0.1,16777.987889681972,0.5711216497690169,8.315385127712172,379.0,1.0,0.7211389781697499,1.7584274481593205
26.0,26832.937413495758,4.641307692774475e+124,22.899999999999913,25769479.988257915,0.01,0.1,16811.543865461335,0.5696843089505129,8.3539615061273,379.5,1.0,0.721144606736335,1.7616353109185239
26.1,27906.25491003559,3.783306838191478e+126,22.959999999999912,25854153.27872831,0.01,0.1,16845.16695319226,0.5682477180381049,8.392658928515576,380.0,1.0,0.7211502464573688,1.7648271343639312
26.200000000000003,29022.505106437013,3.2057383152912085e+128,23.01999999999991,25939010.64156929,0.01,0.1,16878.857287098643,0.5668118838859365,8.431477724747383,380.5,1.0,0.7211558973547281,1.7680029986921115
26.3,30183.405310694492,2.823694942663403e+130,23.07999999999991,26024052.07678086,0.01,0.1,16912.61500167284,0.5653768133514252,8.470418225528402,381.0,1.0,0.7211615594503318,1.7711629836986509
26.400000000000002,31390.741523122273,2.5855223715130658e+132,23.139999999999908,26109277.584363017,0.01,0.1,16946.440231676184,0.5639425132951624,8.509480762401646,381.5,1.0,0.7211672327661407,1.7743071687801577
26.5,32646.371184047166,2.461086986063361e+134,23.199999999999907,26194687.164315764,0.01,0.1,16980.333112139535,0.5625089905808137,8.548665667749482,382.0,1.0,0.7211729173241579,1.7774356329362568
26.6,33952.22603140905,2.4353468108061147e+136,23.259999999999906,26280280.816639096,0.01,0.1,17014.293778363815,0.5610762520750184,8.587973274795656,382.5,1.0,0.7211786131464286,1.7805484547715755
26.700000000000003,35310.31507266541,2.5052821316904938e+138,23.319999999999904,26366058.541333016,0.01,0.1,17048.322365920543,0.5596443046472883,8.62740391760735,383.0,1.0,0.7211843202550403,1.7836457124977176
26.8,36722.72767557203,2.6792976561139643e+140,23.379999999999903,26452020.338397525,0.01,0.1,17082.419010652386,0.5582131551699065,8.666957931097187,383.5,1.0,0.7211900386721231,1.786727483935229
26.900000000000002,38191.63678259491,2.9789284168277035e+142,23.439999999999902,26538166.207832623,0.01,0.1,17116.58384867369,0.556782810517826,8.706635651025316,384.0,1.0,0.7211957684198492,1.7897938465155527
27.0,39719.302253898706,3.443340686335826e+144,23.4999999999999,26624496.149638306,0.01,0.1,17150.81701637104,0.5553532775685667,8.746437414001432,384.5,1.0,0.7212015095204335,1.792844877282975
27.1,41308.07434405466,4.1379625924779e+146,23.5599999999999,26711010.16381458,0.01,0.1,17185.11865040378,0.5539245632021136,8.786363557486847,385.0,1.0,0.7212072619961337,1.79588065289656
27.200000000000003,42960.397317816845,5.169938312403477e+148,23.619999999999898,26797708.25036144,0.01,0.1,17219.48888770459,0.5524966743008134,8.826414419796548,385.5,1.0,0.7212130258692498,1.7989012496320773
27.3,44678.81321052952,6.715552994154602e+150,23.679999999999897,26884590.40927889,0.01,0.1,17253.927865479996,0.5510696177492709,8.86659034010126,386.0,1.0,0.7212188011621249,1.8019067433839169
27.400000000000002,46465.965738950705,9.06945099782804e+152,23.739999999999895,26971656.640566923,0.01,0.1,17288.435721210957,0.5496434004342453,8.906891658429506,386.5,1.0,0.7212245878971447,1.8048972096669973
27.5,48324.604368508735,1.2734678907713057e+155,23.799999999999894,27058906.944225546,0.01,0.1,17323.01259265338,0.548218029244546,8.94731871566971,387.0,1.0,0.7212303860967381,1.8078727236186622
27.6,50257.58854324908,1.8591206590170082e+157,23.859999999999893,27146341.320254758,0.01,0.1,17357.658617838686,0.5467935110709276,8.98787185357224,387.5,1.0,0.7212361957833766,1.8108333600005688
27.700000000000003,52267.892084979045,2.821917708682949e+159,23.91999999999989,27233959.768654555,0.01,0.1,17392.373935074364,0.5453698528059848,9.028551414751517,388.0,1.0,0.7212420169795751,1.813779193200566
27.8,54358.607768378206,4.453513172847084e+161,23.97999999999989,27321762.28942494,0.01,0.1,17427.15868294451,0.5439470613440471,9.069357742688096,388.5,1.0,0.7212478497078918,1.8167102972345632
27.900000000000002,56532.95207911333,7.307806431327404e+163,24.03999999999989,27409748.882565916,0.01,0.1,17462.0130003104,0.5425251435810725,9.110291181730764,389.0,1.0,0.7212536939909275,1.8196267457483903
28.0,58794.27016227787,1.2468130358848026e+166,24.099999999999888,27497919.54807748,0.01,0.1,17496.937026311018,0.5411041064145413,9.151352077098629,389.5,1.0,0.721259549851327,1.8225286120196484
28.1,61146.04096876898,2.211819026524059e+168,24.159999999999886,27586274.285959627,0.01,0.1,17531.93090036364,0.5396839567433492,9.192540774883241,390.0,1.0,0.7212654173117782,1.8254159689595502
28.200000000000003,63591.88260751974,4.079769267459504e+170,24.219999999999885,27674813.096212365,0.01,0.1,17566.99476216437,0.5382647014677003,9.233857622050682,390.5,1.0,0.7212712963950123,1.8282888891147524
28.3,66135.55791182054,7.824615907726262e+172,24.279999999999884,27763535.97883569,0.01,0.1,17602.1287516887,0.5368463474889992,9.275302966443697,391.0,1.0,0.7212771871238043,1.8311474446691787
28.400000000000002,68780.98022829335,1.5603980006558895e+175,24.339999999999883,27852442.933829606,0.01,0.1,17637.333009192076,0.5354289017097429,9.316877156783791,391.5,1.0,0.721283089520973,1.8339917074458327
28.5,71532.21943742508,3.2356091606480937e+177,24.39999999999988,27941533.961194105,0.01,0.1,17672.60767521046,0.5340123710334128,9.358580542673382,392.0,1.0,0.7212890036093803,1.8368217489086036
28.6,74393.50821492208,6.976350567777244e+179,24.45999999999988,28030809.060929194,0.01,0.1,17707.952890560882,0.5325967623643655,9.400413474597903,392.5,1.0,0.7212949294119325,1.8396376401640606
28.700000000000003,77369.24854351897,1.5640665756486322e+182,24.51999999999988,28120268.23303487,0.01,0.1,17743.368796342005,0.5311820826077235,9.442376303927952,393.0,1.0,0.7213008669515796,1.8424394519632403
28.8,80464.01848525973,3.646194944641924e+184,24.579999999999878,28209911.477511138,0.01,0.1,17778.85553393469,0.5297683386692658,9.484469382921423,393.5,1.0,0.7213068162513153,1.845227254703424
28.900000000000002,83682.57922467012,8.838633801483967e+186,24.639999999999876,28299738.79435799,0.01,0.1,17814.413245002557,0.5283555374553177,9.526693064725654,394.0,1.0,0.7213127773341776,1.848001118429907
29.0,87029.88239365692,2.2278902333000944e+189,24.699999999999875,28389750.18357543,0.01,0.1,17850.042071492564,0.5269436858726405,9.569047703379566,394.5,1.0,0.7213187502232487,1.8507611128377575
29.1,90511.0776894032,5.83940383557052e+191,24.759999999999874,28479945.645163458,0.01,0.1,17885.742155635548,0.5255327908283204,9.611533653815838,395.0,1.0,0.7213247349416545,1.8535073072735686
29.200000000000003,94131.52079697933,1.5915191975564715e+194,24.819999999999872,28570325.179122075,0.01,0.1,17921.513639946817,0.5241228592296574,9.654151271863041,395.5,1.0,0.7213307315125658,1.8562397707372007
29.3,97896.7816288585,4.510517593162564e+196,24.87999999999987,28660888.785451278,0.01,0.1,17957.35666722671,0.5227138979840535,9.696900914247816,396.0,1.0,0.7213367399591972,1.8589585718835147
29.400000000000002,101812.65289401285,1.32927364290994e+199,24.93999999999987,28751636.46415107,0.01,0.1,17993.271380561164,0.5213059139989011,9.739782938597044,396.5,1.0,0.7213427603048082,1.861663779024097
29.5,105885.15900977336,4.073598407678028e+201,24.99999999999987,28842568.21522145,0.01,0.1,18029.257923322286,0.51989891418147,9.782797703440009,397.0,1.0,0.7213487925727025,1.8643554601289767
29.6,110120.56537016429,1.298135547800636e+204,25.059999999999867,28933684.03866242,0.01,0.1,18065.31643916893,0.5184929054387951,9.825945568210596,397.49999999999994,1.0,0.7213548367862284,1.8670336828283318
29.700000000000003,114525.38798497086,4.301718689337596e+206,25.119999999999866,29024983.934473973,0.01,0.1,18101.44707204727,0.5170878946775628,9.869226893249449,398.0,1.0,0.721360892968779,1.8696985144141902
29.8,119106.4035043697,1.4823342501654435e+209,25.179999999999865,29116467.902656116,0.01,0.1,18137.649966191366,0.5156838888039974,9.912642039806185,398.5,1.0,0.7213669611437923,1.8723500218421192
29.900000000000002,123870.65964454447,5.311710732495758e+211,25.239999999999863,29208135.943208847,0.01,0.1,18173.925266123748,0.5142808947237477,9.956191370041577,399.0,1.0,0.7213730413347508,1.8749882717329085
30.0,128825.48603032625,1.9792867232192517e+214,25.299999999999862,29299988.056132168,0.01,0.1,18210.273116655997,0.512878919341772,9.999875247029749,399.5,1.0,0.721379133565182,1.877613330374244
